,Adj_Close,atr,bullish,gap,r2,rank_score,slope
AAOI,31.34,1.8584095549105428,False,True,0.24912685872772533,0.13890844822265055,0.5575811814593054
AAON,37.95,0.9733213956090843,True,False,0.868804006849213,2.069095835260367,2.381544996280701
AAT,36.75,0.5993814725559183,False,False,0.45140616432234715,0.5527713164579183,1.224554204499491
AAWW,63.45,1.6934948555896825,False,False,0.6324505303222544,0.37986604062264245,0.600625697047148
AAXN,66.39,2.51003102792314,True,False,0.11461546102420261,0.1362812926889776,1.1890306200504654
ABCB,46.2,1.0529261142298298,False,False,0.8427763277329593,0.47026311380652036,0.5579927892273775
ABG,70.0,1.4808343561623813,False,False,0.07185442716914059,0.07866545083149222,1.0947891999238812
ABM,32.72,0.7794809789517179,True,False,0.6694685030749743,0.9983453017880801,1.4912505923766732
ACET,2.39,0.17735477247188927,False,False,0.0851208405936551,0.0633719888928815,0.7444943970349517
ACLS,19.65,0.671981310922517,False,False,0.20853770489493795,0.16890937789612293,0.809970446261601
ACOR,19.25,1.2934772904327576,False,False,0.24999610392520036,0.11309305671953193,0.45237927689213003
ADC,52.03,0.921453090887527,False,False,0.470846044358787,0.5679819322518294,1.2063007410953723
ADTN,18.1,0.4371183511317887,True,False,0.8383762912804269,1.6521170456878382,1.9706151794495639
AEGN,24.4,0.5547217371402231,False,False,0.7038403139862983,0.5611873722938765,0.7973220077655301
AEIS,50.55,1.649104024092635,False,False,0.6865617314957942,0.40980408197971746,0.5968932772977136
AEL,35.01,0.6806603632276423,False,False,0.17770573710926751,0.2018136909835823,1.1356622147741426
AGYS,15.95,0.4287833006610171,True,False,0.42344600235795954,0.632465885732974,1.4936163813357242
AHH,14.6,0.28239802045168044,False,False,0.4483915671546108,0.5692712674160322,1.2695851329865457
AIN,79.1,1.4786340502958955,True,False,0.8136982563500216,2.0953362649812695,2.575077737514454
AIR,48.62,1.3239848418335702,True,False,0.08410257398589327,0.07706842148566143,0.916362220954002
AIT,78.2,1.5313326836555305,True,False,0.7091241759742588,0.996759625229474,1.4056207065004316
AJRD,33.32,1.010217668590124,True,False,0.6498779994792,1.3165308397447972,2.025812292153051
AKR,27.66,0.47046563141308273,True,False,0.584462853731821,0.7854961407921257,1.3439624704576147
AKS,4.82,0.1693844507085137,True,False,0.045018861380422104,0.04033609551156218,0.8959821344816069
ALG,92.0,1.9274994899773987,False,False,0.05601335866716572,0.06006267988964564,1.072292062444268
ALGT,128.3,3.509953854048021,False,False,0.6472740906321097,0.38009920872281394,0.5872306866966044
ALRM,56.81,1.8796603372683027,True,False,0.6682038194688489,1.8372527959896725,2.7495395004627383
AMAG,21.35,0.9229648677416993,False,False,4.15754978949634e-05,4.13855839618933e-05,0.9954320707463348
AMBC,20.41,0.4193550608381127,True,False,0.6125092870526813,0.8537840202627917,1.3939119590677465
AMED,122.1,3.3689509472112023,True,False,0.9410703562905351,4.818474604318296,5.1202065521556985
AMN,53.55,1.5579652177323573,False,False,0.20818816153625352,0.16588054874016975,0.7967818511682452
AMPH,19.24,0.4263720879128539,True,False,0.7570306745578735,1.2886012022783289,1.7021783206220897
AMSF,61.45,1.1885301318256125,True,False,0.6156369288090004,0.7898420877373661,1.2829673640036177
AMWD,79.95,2.769582524421989,False,False,0.5680974629439232,0.33228172172270337,0.5849026679344682
ANDE,37.65,0.7682319335024761,True,False,0.7589692685542705,1.4494602458029762,1.9097746191542033
ANF,21.23,1.018661171487997,False,False,0.22031045599581645,0.1400923322030549,0.6358859890232135
ANGO,24.23,0.6017657902262659,True,False,0.41264965186061764,0.5510219902612229,1.3353264392122737
ANIK,42.06,1.0531059997617678,True,True,0.07197585046650168,0.09542484965574417,1.3257898175188065
ANIP,54.05,1.775904641649964,False,True,0.5028060636573333,0.25800988851614093,0.5131399701893351
APEI,32.3,1.0497079322909593,False,False,0.6406449398500447,0.24224721244288897,0.37813022061735413
APOG,41.66,1.1744440442683657,False,False,0.14610176243526263,0.18424190417903624,1.2610518936119846
ARCB,49.4,1.6679659146004675,True,False,0.030837088020128522,0.03261999562513547,1.0578169898481717
ARI,19.26,0.1591103964618223,True,False,0.887084234903565,1.104141385606001,1.2446860649327538
AROC,12.0,0.3971789442952923,False,False,0.2013152331462694,0.2467673849102465,1.2257760183053459
ARR,22.46,0.2420295318599472,False,False,0.5355403348886235,0.618681872672631,1.1552479474796207
ASGN,79.21,1.831653344759543,False,False,0.22151330348713727,0.29090159619970496,1.31324661598303
ASIX,34.24,0.9357361133536756,False,False,0.5446007630667407,0.33932062493897686,0.6230630728980326
ASNA,4.69,0.2848702524604764,True,True,0.33371562887058526,0.6586788949346533,1.973772990985953
ASRT,5.81,0.31383086198943694,False,True,0.031597822493904526,0.025664517367183542,0.8122242402030847
ASTE,50.24,1.2785716754442182,False,False,0.538558233382445,0.24592344509124284,0.4566329690044973
ATNI,70.4,1.7634628467845048,True,False,0.831630749609638,2.892869581360918,3.4785505258419223
ATU,27.6,0.6432224255232117,False,False,0.6020296323080504,0.9920264899241287,1.6478034247598665
AVA,50.39,0.37820670377405197,False,False,0.25729372971955344,0.23646863252753472,0.9190609999912638
AVAV,108.85,4.107985757392741,True,False,0.9258153580977816,6.464439502554256,6.982428457264264
AVD,19.05,0.5344201797984244,False,False,0.5936387619876957,0.38060146007951523,0.6411331005494616
AVP,2.2,0.1341147990677712,True,False,0.4047496565939234,0.9384428007079798,2.3185759034491267
AWR,58.31,0.9318357376495776,True,False,0.6767380392823423,0.8874390742272344,1.3113479998380664
AXE,70.65,1.478792618604087,True,False,0.6918824365434125,1.0970161066257442,1.585552759665856
AXL,17.76,0.561482001170147,True,False,0.39234025071506146,0.5342744553225032,1.3617630471223865
AZZ,50.85,1.0649499299534606,True,False,0.60885600266357,1.2455380381338448,2.045702157299877
B,71.45,1.1768391530278555,True,False,0.8519811252788818,1.561541392251349,1.8328356649218074
BABY,34.95,1.0025120197122914,False,False,0.0005689405338796805,0.0005740555191811041,1.0089903689345947
BANC,18.8,0.399340123334845,False,False,0.03992155497563177,0.04136815888354068,1.0362361613617486
BANR,62.96,1.008023384258168,True,False,0.7813731272297092,1.0876072366951717,1.391917892737352
BCC,37.75,1.3565184846732057,False,False,0.45559916637618064,0.33384696072874326,0.7327646435004479
BCEI,29.84,1.1420644822586927,False,False,0.4244366699634754,0.24718010690124698,0.5823721756240287
BCOR,36.8,1.1088889567542466,True,False,0.46259100549326115,0.35073085353331435,0.7581877930361611
BCPC,113.97,2.3532485876065197,True,False,0.7281822798340223,1.156781950270807,1.5885884376841433
BEAT,61.45,2.0986267121958244,True,False,0.9567434004558166,3.3396849983719497,3.4906799427943165
BEL,18.3,0.4345065174811603,True,True,0.6157344445334664,2.3562716614176273,3.8267660390559155
BELFB,26.25,1.234659081019214,True,False,0.8604968586427438,2.516906479609516,2.9249455757217016
BFS,53.28,1.3896360615314929,False,False,0.6585671073196784,1.0700830357100166,1.6248655965603551
BGFV,5.2,0.24141426781849176,False,False,0.8926474625896552,0.1776839414377336,0.19905276033861743
BGG,19.55,0.4885749644410325,True,False,0.2796375328437969,0.3941099179355921,1.40935987357512
BGS,28.9,0.8974768391847547,False,False,0.35016304221122807,0.46921637642212133,1.3399940023912547
BHE,24.35,0.5828902928681724,False,False,0.4781411639979063,0.2966387639291436,0.6203999702699569
BHLB,40.9,0.7245692519620325,False,False,0.28587839374972057,0.32583710822005596,1.1397752168193525
BJRI,71.5,2.1322563715756546,True,True,0.8769515150406471,2.1867305268695256,2.4935592097907144
BKE,22.9,0.982141022131428,False,False,0.25104392205348736,0.18467340409119537,0.7356218887141546
BKS,5.65,0.30883241122510274,True,False,0.05666396144366004,0.048480934286100424,0.855586744218442
BLD,58.24,2.1409022787524097,False,False,0.8598902351643474,0.31302696455116785,0.3640313051017962
BMI,52.9,0.9816751794011938,True,False,0.8741852887364858,1.9485431803351976,2.2289818937030477
BNED,5.58,0.26732729652317805,False,False,0.29325251585226586,0.19155092883955338,0.6531944944542352
BOFI,34.89,0.9793456822759236,False,False,0.8014855331667854,0.45078308283325236,0.5624344597364636
BPFH,13.6,0.3060842985671289,False,False,0.8406373028751946,0.4155851169505944,0.4943691120167842
BRC,43.8,1.0816352939574472,True,False,0.20458779904639057,0.25811827887024746,1.2616504017999566
BRKL,16.95,0.32853299717887774,False,False,0.3609015844313662,0.3094017863116866,0.857302377320337
BRKS,33.79,1.4320653879105536,True,True,0.04036863593396023,0.04692769518514928,1.1624790904978592
BRS,12.09,0.4386638556783821,False,False,0.40431535874208946,0.18462109842094945,0.45662647838891085
CACI,184.25,3.713123416183025,True,False,0.8496805540812938,1.4344537888644966,1.6882271601654828
CAL,35.56,1.0782639339592939,True,False,0.22309108001604183,0.2711179262726877,1.2152790970091338
CALM,48.05,1.249087216611405,True,False,0.06727474570747405,0.07528986430305735,1.11914008014887
CAMP,22.55,0.45662295947765336,False,False,0.23648917455325025,0.2797976720781799,1.183130993656447
CASH,83.25,2.3857976875431044,False,True,0.9303159982336188,0.35700230784814174,0.38374305991295243
CATM,32.54,1.2602644490272978,True,True,0.5724455535879422,1.5738306481703321,2.749310634532777
CATO,21.28,0.7981665323184831,False,False,0.07186819763333563,0.0566768237232491,0.7886217491136844
CBB,15.45,0.6394050996900844,True,False,0.0050513212504073035,0.004705586828949033,0.9315556456777734
CBL,4.3,0.1816509924884031,False,False,0.4104099145899419,0.20883817453719988,0.508852654658353
CBM,66.2,1.9117964692254905,True,False,0.8627998520474051,2.9675410643360793,3.4394315869366108
CBU,61.17,0.9498116693321498,False,False,0.6461648632808172,0.8481616084552746,1.312608680312398
CCMP,102.27,2.68707945059126,False,False,0.07831314938222766,0.06923190449901405,0.8840393349667213
CCOI,55.5,1.13485901462632,True,False,0.3026200704966424,0.36596300669669296,1.2093150533475714
CCRN,8.67,0.33642074841334824,False,True,0.7174127145776122,0.24809955748271345,0.34582542578547115
CDR,4.39,0.13975980883931474,False,False,0.008920689932504944,0.009301349847456005,1.0426715778522941
CECO,14.46,0.37949879177410306,False,False,0.038287228682278185,0.03300724954474925,0.8620955519830336
CEIX,41.31,1.6333545672525822,False,False,0.0006863855433356659,0.000695007600579564,1.0125615367742116
CENT,36.85,0.8639810398621984,False,False,0.39938450760418553,0.3014804702705578,0.7548627063154473
CENTA,33.9,0.8498284801569195,False,False,0.44933063009484353,0.32279669982742226,0.7183946034555605
CENX,11.86,0.7142024151167752,False,False,0.8373175499328591,0.23871240208510672,0.2850918413262066
CEVA,28.6,0.9141990433976501,False,False,0.6928468157943422,0.4195297535948682,0.6055158860965268
CHCO,75.54,1.1935736046173626,False,False,0.40493037282568045,0.49297342985775966,1.217427644208801
CHCT,29.91,0.5020189888483186,True,False,0.7035912804771196,1.0637928224322342,1.5119471374216782
CHS,8.56,0.31293379941355576,False,False,0.002366200768054161,0.0024393595486477087,1.0309182473360914
CHSP,32.33,0.5058867177369204,True,False,0.5180578921222805,0.6011519932640003,1.1603953967409235
CHUY,25.35,1.0081928639176243,False,False,0.2571760639942896,0.18313212335810308,0.7120885222124302
CIR,47.75,1.2217523185673618,True,False,0.002924684334156713,0.003059001451658372,1.0459253383118994
CJ,21.07,0.9011141940772939,False,False,0.5929845123467826,0.3013436217449307,0.5081812686006583
CKH,49.47,1.1280071929420132,False,False,0.467185466441364,0.3474003050585213,0.7436025519045618
CLD,2.44,0.11990670380917579,False,False,0.7914003017662341,0.15395270956476031,0.19453203293095947
CLDT,20.64,0.30981109751881825,False,False,0.3272064614800454,0.3806433383728855,1.163312413364731
CLW,30.15,1.0908819780562868,True,False,0.5725959964646326,1.2613778424926234,2.202910691448634
CMO,8.02,0.10677012859181427,False,False,0.775045111196548,0.5443088325629721,0.7022930984270642
CMTL,36.5,0.8890141023567729,True,False,0.5737982553815872,0.8036792857086306,1.400630410028291
CNMD,80.11,1.8303897356662087,True,False,0.8208070479994587,1.250766986484639,1.5238258364534216
CNSL,12.56,0.36502476309474813,True,False,0.16319697618117435,0.20519160419621674,1.2573247923933453
COHU,22.82,0.7797891880098341,False,False,0.027418703054364665,0.025040118820734873,0.913249571691497
COKE,178.57,4.6502620586713,True,False,0.9007797744395247,3.0308538241737266,3.364700130017415
COLB,38.71,0.6936293029339752,False,False,0.33648376037556804,0.2937882166974706,0.873112617291121
CORE,33.57,1.182683902000834,True,False,0.9072241294639327,7.205440089509964,7.942293260836843
CORT,13.58,0.6179340750068241,False,False,0.5404823083575614,0.21468186978373868,0.3972042497304348
CPF,26.81,0.41053748072301116,False,False,0.6658541673877996,0.5377257400301528,0.8075728385686838
CPS,120.87,3.2981481194325255,False,False,0.0067890482381524064,0.006554761978336079,0.9654905589711811
CPSI,26.6,0.6611117676417801,False,True,0.6540251636649437,0.29063823590603916,0.444383873974202
CRAY,21.1,0.7443398774258884,False,False,0.7368147069130225,0.35123921120639007,0.4766995119817175
CROX,21.26,0.6890449370853319,True,False,0.5618868312083817,0.9968425842866655,1.7740984997688545
CRR,7.9,0.39739975331399013,False,False,0.4521011282362481,0.2591256743777036,0.5731586545439806
CRVL,60.05,1.4180875950964131,True,False,0.8351870155642583,1.3182835064696192,1.5784291205473033
CRY,35.1,0.8905378764639196,True,False,0.922864422080133,2.1039840350975387,2.279840878853219
CRZO,25.51,0.9354430006278307,False,False,0.2254951637703404,0.15668435141026266,0.6948457287972732
CSGS,40.22,0.872773921978532,True,False,0.3219180056779266,0.2463851053243007,0.7653660279282567
CTB,28.85,0.8242816813300837,True,False,0.6619047290159993,1.089111076635472,1.6454196939407972
CTRE,17.1,0.3258366296421502,True,False,0.7717403784739303,1.1445272392611427,1.4830469821008665
CTRL,34.58,1.1893590296779597,True,False,0.7757867174577939,2.9287955341827003,3.7752586739048404
CTS,35.0,0.7951052449161808,False,False,0.3180868618527659,0.4058744394552185,1.275986179030202
CUB,71.35,1.648150897224453,True,False,0.3886102780112751,0.5177185525177206,1.3322307252581196
CUBI,23.54,0.5016352831703944,False,False,0.8767089488577273,0.363326582921408,0.41442098132429217
CUTR,31.25,1.4128549061609927,False,True,0.7462712725754477,0.23680128742645112,0.31731261289105916
CVBF,22.4,0.3784136052958655,False,False,0.166306680318563,0.18419752423346922,1.1075774219089458
CVCO,253.5,6.9753881749751185,True,False,0.7634568913939669,1.609695376481452,2.1084299514834037
CVGW,95.5,2.7083105300728927,False,False,0.6458293728194284,1.016191241993091,1.573467056099993
CWT,41.5,0.6951120224708772,True,False,0.5330292848435199,0.623234971863524,1.1692321408691186
CYH,3.47,0.19723994521492688,False,False,0.27683506075235753,0.13097652268952836,0.4731211513945239
CYTK,9.3,0.450828563056752,True,False,0.2245823493700515,0.1431493141202677,0.637402336033078
DAKT,7.83,0.2070077979447363,False,False,0.3776901159766296,0.26597893637809217,0.704225303037981
DAR,18.89,0.3629965310222822,False,False,0.031854072987560045,0.0335883555515185,1.0544446094738258
DBD,4.55,0.4146265683536125,False,True,0.767063866413395,0.015307262307763973,0.01995565555621467
DCOM,17.3,0.3411138042634905,False,False,0.6934309469554356,0.43740058517761626,0.6307774221760057
DDD,19.08,0.9461937810804049,True,True,0.6700167058519941,2.7426059360768535,4.0933396318668684
DEA,19.05,0.3308585781601285,False,False,0.019146343573243074,0.01958407034565706,1.0228621601163423
DF,7.34,0.2143106728778994,False,False,0.6566512281318351,0.23245031971082056,0.35399358099449374
DFIN,18.75,0.5992784367210333,True,False,0.6854143398183057,1.4458097348047916,2.10939522389925
DGII,13.45,0.33557392988633117,True,False,0.1628997290519808,0.1959949828122793,1.2031633444260543
DIN,82.51,2.7573460387055526,True,False,0.6192073366354962,1.226102560267828,1.9801163321641777
DIOD,32.75,0.8920596915254968,False,False,4.102414263629228e-05,4.1144493920575465e-05,1.0029336697015263
DNR,6.14,0.2665847698092491,True,False,0.6057199053105844,1.3388379921847675,2.2103252352228298
DORM,78.38,2.0375886015640754,True,False,0.8959214697691746,1.6956183527153665,1.892597074554119
DPLO,19.29,0.7630394821898265,False,False,0.6729020150093962,0.23204182489133401,0.34483746476534755
DRH,11.67,0.1907958206363968,False,False,0.592433849969046,0.4942404035177585,0.8342541594197934
DSPG,11.9,0.2835829414219617,False,False,0.08025090828117043,0.07229074500740615,0.9008090569408296
DSW,33.84,0.9339138608087826,True,True,0.8185319134386413,1.8558289309346712,2.2672652103915647
DXPE,39.98,1.487361196435232,False,False,0.40258680925031637,0.6096568368066597,1.5143487635423083
EBIX,78.0,1.8738661649469517,False,False,0.18960134126699568,0.21641121843887054,1.1414013054587062
EBS,65.45,1.8456059164088896,True,False,0.8076307490251345,1.5891601591518212,1.9676815934386425
ECHO,33.15,1.162707241733956,True,False,0.8057786015662429,1.5688360103598358,1.9469814751972687
ECOL,74.2,1.68448482385718,True,False,0.9613863798282127,2.004248922341346,2.084748613454956
ECPG,37.2,0.9911719339688594,False,False,0.04200680059035011,0.03887509895104202,0.9254477466672977
EE,57.3,0.9767935611450215,False,False,0.4968214215690776,0.6538219280202966,1.316009937645955
EFII,33.82,0.8090593343341975,False,False,0.01330568102792351,0.012992645315689135,0.9764735294963532
EGHT,21.35,0.648394012716388,True,True,0.5247100530362903,0.8421768026994056,1.6050327182146795
EGL,35.44,0.9923258088506796,True,False,0.6821397760573257,1.1400437050508903,1.6712758074894658
EGOV,14.5,0.5382033031830809,False,False,0.03215281922553981,0.03450373626334556,1.0731169799237499
EGP,93.4,1.439411351877106,False,False,0.4447086470128079,0.5093777775895771,1.145419098574233
EGRX,68.27,2.7301992873142695,False,False,0.0013039749979641968,0.0013403538244632766,1.0278984079877878
EHTH,27.93,1.2242058177999462,True,False,0.7994158904284429,2.145362816699823,2.6836629624037456
EIG,45.0,0.8094748993332743,True,False,0.8532330345394351,1.3906698835821458,1.6298828424204328
ELY,23.69,0.48379118822415823,True,False,0.7012537441788053,1.3849156296295482,1.9749137043843337
ENDP,16.15,0.6018071042442268,True,False,0.9178738409795733,18.094392211270115,19.713376069155014
ENSG,37.66,0.9509372439468529,True,False,0.010227450631010937,0.010503145100373642,1.0269563236537915
ENTA,85.72,4.0364505207847285,False,False,0.38938479997041836,0.18676665388431218,0.4796454661263123
ENVA,29.55,1.1186735053998103,False,False,0.22426019619179538,0.16531020713797773,0.7371357465352367
EPAY,71.28,1.7174302576187,True,False,0.958589593481665,3.215549327103424,3.3544588309417405
ERA,12.35,0.45208845881352,False,False,0.24424007491961364,0.19020061825048368,0.7787445132134196
ESE,66.45,1.0946751955759197,True,False,0.8879098692806676,1.673631949743028,1.8849119799725915
ESIO,16.92,0.7317804089391647,False,True,0.04027908310198347,0.05059453732780084,1.2560995293686166
ESND,12.8,0.3742919006042238,False,False,0.004120802257663869,0.004295582664016856,1.0424141697233664
ETH,21.45,0.5332129760828133,False,False,0.6357759379588098,0.44473298320130566,0.6995121341476731
EVTC,23.6,0.5794400286595617,True,False,0.6754025186113082,0.9466441146103096,1.4015999178633505
EXLS,66.11,1.0296395906235487,True,False,0.6902341774473377,0.9951549784599161,1.4417642750468447
EXPO,52.4,1.2215072771342428,True,False,0.5823740904804036,0.7407301106544685,1.2719146039677627
EXPR,11.18,0.43681102318610476,True,False,0.5080757380031781,0.7858960191789731,1.5468087932473904
EXTN,25.9,0.7581557208848946,False,False,0.14539226981795117,0.12428126748730102,0.854799692190763
EXTR,5.54,0.27913539600388404,False,True,0.7833975836041918,0.16848130332762745,0.21506487491637694
EZPW,10.95,0.3363146324808687,False,False,0.8571141144906838,0.4702027971163025,0.548588325833028
FARO,64.6,1.5543578406400036,True,False,0.7034191000025181,1.482627962517206,2.107744817437995
FBP,8.97,0.20588961796566974,True,False,0.7382998156176362,1.120212578082339,1.5172868181542314
FCF,15.95,0.26552280404645046,False,False,0.3839514634584633,0.46675121701964656,1.2156516160020854
FCFS,83.5,1.6326699875499222,False,False,0.6897558784982503,0.41176966812628624,0.5969788456501437
FCN,73.14,1.5897886418014582,True,False,0.6662886139765938,1.4278968739748459,2.1430605956970576
FCPT,25.03,0.42075505753299447,True,False,0.7861682748732876,1.3694809238544545,1.7419692038262211
FELE,47.0,1.114934412583837,False,False,0.42021177137494786,0.5060518036398068,1.2042780286330088
FF,17.88,0.5992379484558537,True,False,0.4717853709557497,0.7778855643288765,1.648812388466019
FFBC,29.45,0.5836130381317093,False,False,0.43611065010128214,0.37038180333099524,0.849284013690053
FFIN,58.95,0.9579027909776601,True,False,0.7904841866514127,1.3243700164164462,1.6753909044362278
FIX,54.75,1.0710456836471434,True,False,0.7723190122623557,1.5984875809911312,2.0697244993473336
FLOW,52.12,1.2424816156351783,True,False,0.6102395057674539,0.9252295487362062,1.5161744528037597
FMBI,26.83,0.4248436560362988,True,False,0.3550301340301182,0.3950916134059329,1.112839659329921
FN,45.93,1.1470445172445465,True,False,0.8497843938536604,2.073508293157997,2.44004044808932
FNSR,18.48,0.6561228600981809,True,False,0.5108682932868924,0.7610690615742506,1.489755914734076
FORM,12.95,0.4884930183492354,False,False,0.0057044468898928,0.005530052213037415,0.9694282933610303
FORR,46.1,1.0335584442250463,True,False,0.6838870943869373,1.0324086677521578,1.509618585035076
FOSL,23.53,1.432069563856426,False,False,0.05841571678987511,0.04506340725154898,0.7714260772258398
FOXF,69.85,1.9031072238982585,True,False,0.9450852738261538,6.141281718096164,6.4981244424996065
FRAN,3.91,0.36213289580261393,False,True,0.16245806790809258,0.06815528384081362,0.4195253871871178
FRGI,26.55,0.9125809236114792,False,False,0.2198923745817941,0.29402437778553625,1.3371285763989376
FSB,39.5,0.6957136497606181,True,False,0.5602033585538388,0.7153987219058019,1.2770339752203537
FSP,7.74,0.18988405169259076,False,False,0.079882115516692,0.08931213827987022,1.1180492367056523
FSS,26.53,0.5051354391837113,True,False,0.6091040254003428,0.8896035742616593,1.4605117306144118
FTD,2.6,0.23866422365106713,False,False,0.8688451506800465,0.09249442516975903,0.10645674329581456
FTK,2.44,0.15986061153414202,False,True,0.7195840297064416,0.16268393816605123,0.22608052909737178
FTR,6.48,0.30681980665215947,True,False,0.2887904217460998,0.11603778256918386,0.4018062021156731
FUL,56.94,0.945903871533805,True,False,0.7109371257728261,0.9420515842570883,1.3250842445919935
FWRD,69.3,1.2748807325694667,True,False,0.6932570935379581,1.0233499591524369,1.476147837059824
GBCI,42.99,0.6981863843813368,True,False,0.765804735561862,1.2509840233279537,1.6335548283207222
GBX,60.0,1.2498180861570036,True,False,0.7892933173427572,1.5362374934485237,1.9463454962730917
GCI,10.1,0.24100758482517706,False,False,0.24003268372665076,0.21097788953268537,0.8789548417204176
GCO,47.25,1.870018630998389,True,False,0.3297072020040501,0.4836827801543078,1.4670070208183268
GDOT,87.29,2.1006691295580158,True,False,0.868026440922076,1.541044833925166,1.7753431937950697
GEOS,13.22,0.4524476289343896,False,False,0.1409676743157413,0.18509333191867722,1.3130196892097592
GES,22.84,0.8377425019367021,True,False,0.042519645195782885,0.04629768721699387,1.0888540345013438
GFF,16.5,0.5142708605460157,False,False,0.47152057416718407,0.25217897798613437,0.5348207306362858
GHL,27.35,0.7641161235930131,False,False,0.0027152130393592877,0.0028124755114305395,1.0358213041339117
GIFI,9.35,0.3620817109561224,False,False,0.2287938367659914,0.18451959464100043,0.8064884843455187
GIII,47.29,1.6725979424838027,True,True,0.10241148036912329,0.12067790573477535,1.1783630633969366
GLT,19.5,0.5384392506671611,True,False,0.016950242705903618,0.018542855319471148,1.0939581008484816
GME,15.59,0.6450056975674099,True,False,0.5500888935176254,0.9846498020288981,1.789983062069129
GNBC,22.05,0.5384594778817863,False,False,0.1783993015792259,0.21107175510832127,1.183142272642731
GNL,20.22,0.3778696835162531,True,False,0.7117905564600602,1.0451057288016967,1.4682770364351405
GOV,11.09,0.5513928047415788,False,True,0.02982743628923612,0.03569484520509514,1.1967118078457317
GPI,66.03,2.1440212520418385,False,False,0.14175050819763213,0.1754981520668146,1.2380777628121844
GPMT,19.02,0.21316810132388606,True,False,0.8552662579252506,1.0482155814870495,1.2256014682841172
GPRE,17.35,0.6099879446748625,False,False,0.39845150350234876,0.22815008862327216,0.5725918627934786
GTLS,76.04,1.8807797437303644,True,False,0.548393493364943,0.9722671503463566,1.7729370645529077
GTY,27.88,0.4391727652095079,True,False,0.6772715743390508,0.9732026243672177,1.4369459183592135
GWB,42.36,0.756650552142595,False,False,0.012153665817034476,0.011832478228867495,0.9735727810026826
HA,39.15,1.1062089153245842,True,False,0.3097997698535122,0.41003955776318346,1.323563145179447
HAFC,24.9,0.5375775703960819,False,False,0.7222013792690011,0.4129987793034183,0.5718609672574262
HAYN,35.01,1.1243781125958108,False,False,0.4446144444794664,0.3039724731589271,0.6836765582701744
HCI,42.88,0.955034290579197,True,False,0.11537296397375807,0.10672305684525456,0.9250265674853343
HF,43.13,1.017000912230103,True,False,0.7675206772501746,2.2406953139464023,2.9193940702343375
HFWA,35.45,0.6203356823367059,True,False,0.8018751686081228,1.1577504004439345,1.4438037811465494
HI,51.75,0.8192652250103734,True,False,0.8398046052420781,1.2292019124237215,1.4636760798297808
HIBB,19.95,1.0730666544772995,False,True,0.412308794031374,0.21731217409444156,0.5270617004543093
HLIT,5.4,0.1880098278845339,True,False,0.8507575202285356,2.3369863159514983,2.7469475853986256
HLX,9.49,0.3073356451663335,True,False,0.6819781217901429,1.4343398978581159,2.103205149885275
HMN,45.25,0.7405510678913716,True,False,0.25521668926315855,0.2825054477241491,1.1069238792328844
HMST,27.05,0.634332047354085,False,False,0.12186705722092418,0.13536839774511794,1.1107874501286934
HMSY,32.43,0.7088567254279431,True,False,0.8812977475293349,3.982457827451178,4.518856241963353
HOPE,16.25,0.3001529323990225,False,False,0.6319548051051169,0.49444538419125017,0.7824062420239151
HPR,4.9,0.28131755853697266,False,False,0.6120704373573904,0.24477103985801046,0.3999066527617436
HQY,93.28,2.689666999125163,True,False,0.7377688819164815,1.424877521582019,1.9313331810372034
HSC,28.25,0.7279737822429407,True,False,0.43931441350519485,0.7464909735009079,1.6992180328089344
HSII,34.35,1.1534541382529502,False,False,0.07447230581335129,0.09306458515560656,1.249653601284386
HSKA,110.01,3.5021995770782466,True,False,0.007411089164890306,0.007625350301212396,1.0289108836170993
HSTM,30.47,0.6976760169254153,True,False,0.7204557230835131,1.0421835173585168,1.4465615081771097
HT,22.66,0.3791454140345518,True,False,0.7624092494748241,1.1023623508841947,1.4458932019037583
HTLD,19.86,0.49942561798875734,True,False,0.5531588302250126,0.7329549949275485,1.3250353332141491
HUBG,45.85,1.2709884197216952,False,False,0.04796907501906367,0.04400875759250236,0.9174401961057742
HVT,21.25,0.49326280648011167,True,False,0.30013482378008083,0.3628721699656597,1.2090305463239037
HWKN,41.2,1.1162556596193838,True,False,0.7962583700612771,1.5878505241127479,1.9941398217145934
HZO,21.55,0.7892200344445386,False,False,0.0439011132785988,0.03706913232239046,0.8443779565941248
IBP,40.45,1.8731445257464223,False,False,0.9069478088042848,0.3176346204242289,0.35022370343779397
ICHR,19.98,0.9469874090223964,False,False,0.0852907108979657,0.0686675903626771,0.8051004574791851
IIIN,34.63,1.0912723079265056,False,False,0.43684908218741547,0.8396408764967196,1.9220387789128965
IIVI,46.35,1.4742605216864595,True,False,0.07495019915710055,0.0869550441168263,1.1601709547770886
INDB,83.65,1.5552237198336671,False,False,0.7093565011783824,1.1661745371157834,1.643989355392578
INGN,243.66,9.216229779724006,True,False,0.9106892661397622,3.3864077509908235,3.718510667579469
INN,13.33,0.23591580709364418,False,False,0.7366634474889253,0.5409192771807727,0.7342827705441495
INTL,48.83,1.5798508859873548,False,False,0.27015108582318514,0.3389656458705157,1.2547262019608165
INVA,15.22,0.3588371408343286,True,False,0.022664087076087358,0.023704749286179872,1.0459167936744518
IOSP,76.25,1.3645805238154232,False,False,0.12672135663709017,0.11567266438069577,0.9128111271090943
IPAR,64.35,1.3851088265610954,True,False,0.8808371499841328,1.901408106748663,2.1586375038597256
IPHS,44.34,1.1174890331055198,False,False,0.5453014431902232,0.3946550331708961,0.7237373715022876
IRBT,108.01,4.4107257927142385,True,True,0.8632697410648602,4.486263353881266,5.196826832303159
IRDM,20.45,0.7528115551478827,True,False,0.8103495062180773,2.5117992988695046,3.0996493236506537
IRT,10.22,0.14083222321063082,True,False,0.6559143263927963,0.8222618640158781,1.2536116851386838
ITG,21.27,0.4464869248986828,False,False,0.03854630911867252,0.03693336263793868,0.9581556180705121
ITGR,82.5,1.5810603869312925,True,False,0.8376448109279637,1.7554262322598548,2.0956689629762644
ITRI,62.75,1.3305865275840458,True,False,0.790199175865101,1.1708912045593403,1.4817671801257728
IVC,14.65,0.5059513120251016,False,False,0.48776676743148395,0.28366169024075694,0.581551899762426
IVR,15.64,0.18848720475722594,True,False,0.5688374805825498,0.6275349639671338,1.1031884947603516
JBSS,70.67,1.5386905790464243,False,False,0.3045691205437807,0.39494964322305215,1.2967488053874443
JBT,119.6,2.9548881921945824,True,False,0.8742646341087675,2.5293657108305254,2.8931351128128173
JCP,1.9,0.10583153299638362,False,True,0.6014395031885909,0.18384290713986307,0.30567148676666855
JJSF,148.37,2.914615448250195,True,False,0.0009355559853049256,0.0009256852779730151,0.9894493675558141
JRVR,42.18,0.7741583016744297,True,False,0.7623906456806562,1.0069028329340524,1.3207177168800355
KALU,109.04,2.3132093735127666,True,False,0.00839053144022972,0.00820953380547273,0.9784283467565392
KAMN,66.15,1.13388467075444,False,False,0.7799688593489658,0.5478089814027495,0.7023472473760063
KELYA,23.82,0.5791519818367408,False,False,0.545588331842167,0.7280359036625361,1.334405193755407
KEM,19.15,0.9222790375593144,False,False,0.0001654186246129452,0.00016806983576054578,1.0160272832264445
KFY,49.36,1.7792324519515816,False,False,0.022794448488190566,0.019437662793824077,0.8527367005126013
KIRK,10.34,0.4281619337527106,False,False,0.4428349321636341,0.23058223019250887,0.5206956665905148
KLIC,24.04,0.5937450797089497,False,False,0.28962108317998514,0.40052622875549426,1.3829318789840555
KN,16.22,0.37291150366594517,True,False,0.5017143379942908,0.7902271105168408,1.575053871643256
KOP,31.5,0.8616036570217694,False,False,0.8852123393375588,0.43189753190683267,0.4879027468483319
KOPN,2.36,0.1189562982630565,False,False,0.8322437378292766,0.1548598647787974,0.18607513368945863
KRA,47.8,1.1338184974664611,True,False,0.12505333457315226,0.11381564676552428,0.9101368400452026
KRG,16.24,0.32840124984062885,False,False,0.4212131116165734,0.5495012930108497,1.3045683476041836
KS,34.11,0.15349511883337838,False,False,0.274912292603233,0.2651635724392371,0.9645387986412607
KWR,198.71,4.3198395835751935,True,False,0.8377586313863238,1.6500873207179758,1.96964526403913
LABL,61.95,1.7630815559442783,False,False,0.439700741389361,0.3222261612786563,0.7328306071545161
LAD,82.94,2.4192660077581243,False,False,0.7814349670939993,0.4233634513861871,0.5417769478125496
LCI,4.8,0.5523193291327297,False,True,0.76805944835761,0.014158400805395968,0.018433990800675353
LCII,86.95,2.914841959952118,False,False,0.13711734966239775,0.1570306566704399,1.1452282082250824
LDL,42.0,1.0630320809124019,False,False,0.013376259574075844,0.012799729249307184,0.9568989879737368
LGIH,49.66,1.836000285890135,False,False,0.5631391162218449,0.3450730555427637,0.6127669799567332
LGND,269.1,8.30017237652934,True,False,0.9461510234808693,2.805186895999576,2.9648405237457265
LHCG,100.99,2.3312381437355976,True,False,0.9016853685323685,1.9775309331217872,2.193149630830234
LION,24.5,0.5450081252933023,False,False,0.08331155396427292,0.0762082832638349,0.9147384682863535
LKSD,11.44,0.475391338075611,False,False,0.14865121249892177,0.10205472759701986,0.6865381444349814
LL,16.7,0.6674965505096963,False,True,0.5379460835728878,0.16600675567828493,0.3085936690452589
LMAT,35.74,0.9029627809659277,True,False,0.09127748984940454,0.10095258963593391,1.1059965584339795
LMNX,30.51,0.9454285703757203,True,True,0.0042148917202289304,0.004021688027826127,0.954161647504361
LNN,98.51,1.9809463679740642,True,False,0.3125385931283122,0.25131747881229427,0.8041166253958156
LNTH,14.75,0.65079866474384,True,False,0.11675332898000847,0.14020690178419698,1.2008814053448056
LOCO,12.45,0.41040999548831697,True,False,0.7786895881866612,1.409759577375023,1.8104256160120724
LPSN,25.8,0.812913128827342,True,False,0.8125696255194672,1.9192263498410957,2.361922338180134
LQDT,6.4,0.28219408764428683,False,False,0.2471546659929329,0.36690694958312453,1.4845236609597967
LTC,43.02,0.7064603129614047,True,False,0.7107148035448697,1.03240273285236,1.4526259024055646
LTXB,43.28,0.9176609680038934,True,False,0.3803135435615418,0.5244585583688487,1.3790162544763056
LXP,8.0,0.16296140453200197,False,False,0.029404087637003976,0.03134402527449722,1.0659751005180622
LXU,9.46,0.35437557010665566,True,False,0.8695935966302439,5.709200272457135,6.565366045220224
LZB,31.65,0.8321372545668602,True,True,0.0304620247456493,0.032503418517996804,1.067014382313476
MANT,63.3,1.5851593765162657,True,False,0.8544366262795886,1.7202504362341833,2.013315421325681
MATW,49.4,1.134150078486178,False,False,0.3562776275853946,0.253320125104815,0.711018895072489
MATX,38.5,0.7406782957227231,True,False,0.09446186473280782,0.10501768699036818,1.111746918054373
MCRI,44.93,0.9606344107578115,False,False,0.021353754086384624,0.0221521090028196,1.0373870989244
MCS,41.45,0.8603500439907613,True,False,0.8957287164060469,2.3393355660755586,2.6116563232021064
MDC,30.0,0.8241937347314419,False,False,0.03675104994659373,0.0390728736444084,1.0631770711636463
MDCO,30.49,1.2725876191238579,False,False,0.022358277378439984,0.024929244744296048,1.114989510253381
MDXG,5.75,0.5472484795944645,True,True,0.14947605475582648,0.05470819204128978,0.36599970564286843
MED,217.66,10.326983208198005,True,True,0.8873142945548353,4.398511793666923,4.9571068793314685
MEI,36.35,0.8370312199516162,False,False,0.5515129103083274,0.41280449477359515,0.7484947080256267
MGLN,70.7,1.7778257729256477,False,True,0.6705270085645145,0.2532616296910712,0.37770533693081465
MGPI,78.53,2.363864673160971,False,False,0.5870307866255298,0.2993754491919613,0.5099825358613339
MHLD,2.8,0.3604770854582792,False,True,0.7389003794301188,0.01786397990796983,0.02417643894261839
MHO,24.61,0.6850081712669925,False,False,0.762039953949502,0.5272356719513106,0.691874053609332
MINI,43.55,1.031682740600655,False,False,0.46943387310018514,0.33105156175428324,0.7052144736978349
MLI,28.6,0.5858938306621171,False,False,1.6879384396317754e-05,1.68502506604602e-05,0.9982740048349209
MMSI,60.95,1.3387496641916843,True,False,0.7618616715475628,1.3189454330457826,1.7312137915622143
MNRO,72.0,1.8393427026962192,True,False,0.872910121372733,2.0167183709310437,2.3103390848069956
MNTA,24.3,1.198470765778481,False,False,0.32924456220263043,0.604102927757109,1.8348152015501462
MOG_A,85.0,1.7693011068332094,True,False,0.024237140753355924,0.0228051380052725,0.9409170098628427
MOV,40.8,1.4979498707328043,False,False,0.10870244692999342,0.08390966397362054,0.7719206544417538
MPAA,23.62,0.8488489310782736,True,False,0.5591191929710835,1.2218363768199147,2.185287845919297
MRCY,54.84,1.5830449335644854,True,False,0.9097292580829184,3.9182118917978244,4.307008768800854
MRTN,20.8,0.6732840310875092,False,False,0.2486784816548413,0.2091034942458943,0.8408588184003956
MSTR,141.41,3.316939392661516,True,False,0.7729580366511776,1.1745038763601758,1.519492418306026
MTH,41.35,1.0571956856788869,False,False,0.327344929592818,0.2681042308231239,0.8190266797674758
MTRN,59.0,1.284936858308773,True,False,0.4858216725240153,0.7236475813591496,1.4895333458459041
MTRX,24.4,0.8124413372815781,True,False,0.7109922521885637,1.4247102923170218,2.003833780089029
MTSC,54.4,0.9865431254433732,True,False,0.012570698562450633,0.012836593803283463,1.021151986065999
MXL,19.51,0.45173851996343756,True,False,0.11994155149010309,0.14761869448288445,1.230755252445314
MYE,24.0,0.6650527820384096,True,False,0.6128108779562242,1.269819892430435,2.0721236161234455
MYGN,45.97,1.5064823782111596,True,False,0.7902246727466902,1.8000130172801903,2.2778496791597798
MYRG,31.62,0.9332216339192865,False,False,0.7524102533184593,0.4419587036334015,0.587390591348496
NANO,36.18,1.3787921836687114,False,False,0.0016996676040976766,0.0017489047831264993,1.0289687106526701
NAVG,69.25,0.7824482098015855,True,False,0.6432788339222353,1.1548697063476463,1.7952863446572787
NBHC,37.18,0.5765465088465749,False,False,0.004789605781305495,0.004868501935646148,1.016472369114092
NBTB,38.25,0.6162893612107851,False,False,0.3715782577526928,0.42385906268427437,1.1406993112239023
NCI,23.27,0.5245649004355886,False,False,0.011789058381408646,0.011204933806660862,0.9504519736988538
NE,6.78,0.2859026956356494,True,False,0.19920267887640675,0.261093084263171,1.3106906279366028
NEOG,72.91,3.0275353065780597,False,False,0.6081446635777533,0.9998533682011553,1.6441044838229033
NEWM,15.57,0.26591844186173186,False,False,0.39881610210127005,0.26388668959600964,0.6616751134311065
NFBK,15.97,0.2893582572950695,False,False,0.24609785353251634,0.2220917854738745,0.9024531595296098
NGVT,102.09,2.2315330019537476,True,False,0.8865397100521938,2.218677942062917,2.5026266921899025
NLS,14.2,0.4098367622627598,False,False,0.5062203278021964,0.35001864817806994,0.6914353868358253
NMIH,23.8,0.7439451411821054,True,False,0.8054621442398188,2.390578932897464,2.96795938827597
NP,87.55,1.5605511984346057,True,False,0.9023602664354246,1.3257483595437853,1.4692007270897047
NPK,126.2,3.0882413910552655,True,False,0.33982798346522514,0.4828010569753024,1.42072189597861
NPO,73.73,1.537383154600505,True,False,0.07917161444152965,0.08455793783772748,1.0680335172421649
NR,10.2,0.3512065683243241,False,False,0.1868711312673641,0.15533828441399153,0.8312588646543952
NSA,25.51,0.5309891982262236,False,False,0.16993681059482257,0.14030952184528273,0.8256570271865366
NSIT,54.02,1.1408187680092523,True,False,0.7882163371742494,1.2387680740272398,1.5716092341706789
NSP,116.75,2.8775612194082525,True,False,0.8568234193105971,2.011817901269716,2.347995929999709
NTGR,62.8,1.7797871385606414,False,False,0.10511531957935816,0.1281440007515764,1.2190801613349274
NTRI,37.175,1.259143893278589,False,False,0.04278215023451326,0.04760234302832685,1.1126683153462689
NWBI,17.44,0.24110557880939862,False,False,0.6244237363066016,0.738674610383066,1.182970100964204
NWN,65.95,1.20803614837931,True,False,0.7635958795693145,1.1636075775801145,1.5238526146008222
NX,18.05,0.5638723724177479,True,False,0.014207517815920999,0.013326851506854427,0.9380140626619737
NYMT,6.06,0.07336567596463588,True,False,0.8050574803273601,1.0119382764789042,1.2569764286488216
OCLR,9.08,0.1816775803999635,True,False,0.22022659171510348,0.25088055446367913,1.1391928309376518
ODP,3.25,0.10622597139492218,True,False,0.5744271950424116,1.37846858066842,2.3997272283855637
OFG,16.2,0.48002747996836187,True,False,0.7452861177617369,1.3707011953956587,1.8391610453072507
OFIX,56.79,1.2705981243414672,True,False,0.1689627945766673,0.1397425663073806,0.8270611684513307
OIS,32.8,1.061280722747124,False,False,0.3881766568158984,0.29691918953808727,0.7649073799893844
OMCL,70.0,1.727848482938515,True,False,0.9519309056068489,3.4954452584397493,3.671952699352091
OMI,16.53,0.5538232290897558,True,False,0.0672426337621087,0.07725419816299348,1.1488871544845154
ONB,19.4,0.3858113530655881,True,False,0.8560970615914402,1.2413185685861965,1.4499741025610453
OPB,27.6,0.6297706347976961,False,False,0.3909492447798686,0.3418045785308034,0.8742939987600258
ORIT,15.5,0.2358433960944256,False,False,8.006041056329849e-06,8.009742194065388e-06,1.0004622931245915
ORN,7.4,0.2943894138895594,False,False,0.07023388248646256,0.08335743614896099,1.1868550220761036
OSIS,76.08,1.7623146950889332,True,False,0.27355095985409306,0.33926689757995776,1.240232890284561
OSPN,19.3,0.5702346695445202,False,False,0.5495089796852515,0.3199950106727583,0.5823289927965245
OSUR,15.58,0.43846506142327446,False,False,0.5132369532890091,0.3880073864971832,0.7560004867355921
OXM,89.08,2.3127444533784245,True,False,0.4170359812265174,0.5751554146135855,1.379150578139645
PAHC,43.0,1.4441290534241777,False,False,0.00010742772812721844,0.00010693903069805034,0.9954509190719423
PARR,20.33,0.4510289816158185,True,False,0.33296135124734116,0.47072680933235406,1.4137581060652096
PATK,59.5,2.045835137162294,False,False,0.22488323192346737,0.2707600711692427,1.2040029345602266
PDCE,48.05,2.0725223805279214,False,False,0.6985972382637436,0.32251132726957227,0.4616556001153465
PDFS,8.78,0.389107647057604,False,False,0.8790136469249106,0.23724628881162332,0.26990057508389287
PEI,9.44,0.29900391587798586,False,False,0.46423737592658704,0.3194894873397037,0.6882028546323395
PENN,32.25,1.0164207431746264,False,False,0.12642210332619497,0.10920565171997595,0.8638177094570477
PERY,27.51,0.3427036218940985,False,False,0.002877515073301251,0.0029109645573696494,1.0116244340051443
PES,3.05,0.23141921172462307,False,False,0.7514488182027986,0.08904664974468204,0.1184999531407213
PETS,34.79,1.113142658032656,False,False,0.24480014037601028,0.16934580000658245,0.6917716621668157
PFBC,59.42,1.1447876873164857,False,False,0.578392517673497,0.4396001344706481,0.7600377270419717
PFS,24.31,0.3561600208719867,False,False,0.7957002178936197,0.5110156032005195,0.6422212683983948
PGNX,6.12,0.39582691775923223,False,True,0.3450235797246203,0.19342770888990315,0.5606217089402614
PGTI,22.0,0.7808677955704193,False,False,0.4957184387854416,0.8428192812676903,1.7001975624160353
PJC,75.6,1.6564062615933772,False,False,0.017670539661757134,0.01719147324926454,0.9728889767000495
PKE,19.48,0.4243152588009725,False,False,0.01290421886366766,0.012095026792944054,0.9372924406139826
PLAB,9.575,0.31952021999373065,True,True,0.4509821881153258,0.7609279374554934,1.6872682724686852
PLAY,64.92,1.481118258223924,True,True,0.6936813723860011,1.8084389100401437,2.6070166823419214
PLCE,127.05,4.132987308099464,False,False,0.04855197590853422,0.053978545602557715,1.1117682564402007
PLUS,92.4,2.4396744951403835,False,False,0.4072466931931201,0.5227046386929434,1.283508613893329
PLXS,59.5,1.1369183531383127,False,False,0.18237992100217681,0.1978683243625709,1.084923840712757
PMT,20.01,0.21101375411987444,True,False,0.9213555931350859,1.3057983182923545,1.4172577102930801
POWI,62.05,1.9325980140106673,False,False,0.5758006793624693,0.3979114097763603,0.691057555223677
POWL,33.6,1.3937432385991726,False,False,0.3174486378788143,0.429960354180063,1.3544249458843165
PPBI,37.35,0.7798132459071421,False,False,0.32430242608921067,0.2560454993794717,0.7895269315963657
PRA,46.75,0.8801569194523318,True,False,0.7222439503219431,1.8293073933666875,2.5328109602735562
PRAA,36.55,1.0003299165255808,False,False,0.3201453423736791,0.245547591585911,0.7669878617172061
PRFT,27.29,0.6853625840265772,True,False,0.563513816700973,0.7654050996961785,1.3582721079975553
PRGS,41.75,0.8888004781476907,True,False,0.48701352674555,0.653741121101799,1.3423469476718646
PRLB,157.3,3.9607569325835166,True,False,0.7280091792848807,1.6302157903578591,2.239279169473125
PRSC,66.68,1.8701132888228535,False,False,0.6207812579513816,0.36217229121486083,0.5834137010032372
PSB,125.02,1.8560912305446333,False,False,0.5778548821416502,0.7151922049092224,1.2376674957881668
PUMP,16.65,0.6629706762801565,True,False,0.00442937760576545,0.004622803349407172,1.0436688313477611
PVAC,77.54,3.526404991524479,False,False,0.07633025463924059,0.09573300037776103,1.2541946942300084
QHC,5.43,0.2948117630737709,True,False,0.008154061083648245,0.007630391016322466,0.9357780053455914
QLYS,87.5,2.952741440554182,True,False,0.21684492758531992,0.29367276373121043,1.3542985164624697
QNST,13.1,0.5546314648217303,False,False,0.2069542675558298,0.2591303216947217,1.2521139320058547
RAVN,45.65,1.2000961618973882,True,False,0.5593086968286877,1.0645897649105898,1.9034028452389078
RCII,14.18,0.11272577414433656,True,True,0.4528308569362158,1.1354288701275728,2.5074017212733923
RECN,16.7,0.45979083328692416,True,False,0.06859503896320773,0.060671462970271255,0.8844876231182486
REGI,27.25,1.0152266900701554,True,False,0.7064813205508186,3.378367517890782,4.781962975690267
REI,10.01,0.5176124215104883,False,False,0.6878490199904133,0.3436100627332086,0.49954285424146944
REX,74.13,1.9127978705646336,False,False,0.013994170855970767,0.014472616926331042,1.0341889544785814
RGEN,53.65,1.247245836217692,True,False,0.9000443771453244,2.0486443191558825,2.2761592330075757
RGNX,74.7,4.185081422622533,True,False,0.37863986247664894,0.8684878674691583,2.2937042650196893
RGR,67.9,1.6490252281936002,True,False,0.2008421379208808,0.2701546025570045,1.3451091755626925
RGS,20.44,0.48040597704060933,True,True,0.6595815717593322,1.3243574168956618,2.0078751038527995
RH,135.28,5.951221118084596,True,True,0.2348865042017818,0.4298476787077252,1.8300228877281937
RLI,78.02,1.0967590779255179,True,False,0.8644836920358974,1.5570710449033693,1.801157221643358
RMAX,42.85,1.180906322448638,False,False,0.705798430637559,0.3988806069720437,0.565148050289271
RMBS,10.94,0.2247683593199658,False,False,0.8490238803132517,0.47191288265359493,0.5558299284579372
ROCK,45.8,1.0867388611861353,True,False,0.7340160043050783,1.3578774728498424,1.8499289727822736
ROG,152.07,3.6291613853508444,True,False,0.7604291365197045,1.590466719904069,2.091538374217538
ROIC,18.19,0.3111572148749199,False,False,0.3625632924438085,0.43475720556554304,1.1991208559342046
RPT,13.31,0.26142659875591245,True,False,0.7749146250305177,1.1936180765406013,1.540322040629436
RRD,5.43,0.25995732910933084,False,False,0.5123663579824953,0.2389074307922158,0.46628243066727254
RRGB,39.2,1.3908464315012457,False,True,0.7344340138027691,0.25677707717744763,0.34962579667014804
RTEC,24.15,0.7249126137267947,False,False,0.923588145784776,0.3772641190537051,0.40847657126775105
RUTH,30.725,0.6900030626436588,True,False,0.7805750552463131,1.2332493026872142,1.5799240500941427
RWT,16.04,0.1726194504354465,False,False,0.23050426610428443,0.25010557291781355,1.0850366335721575
RYAM,20.64,0.49063874074716846,True,False,0.6478921985177934,1.3255219284216428,2.0458988878922875
SAFT,89.45,1.7634904462125665,True,False,0.7365581510955412,1.0841170729317395,1.4718689506310485
SAH,19.85,0.587951810073001,False,False,0.027668967523626575,0.025333095862922136,0.9155779246656084
SAIA,77.85,2.3101043849640126,False,False,0.19874895021157024,0.17061409046144874,0.85844020951974
SANM,27.5,0.6595658628417803,False,False,0.030577132079514402,0.029365305784637537,0.9603682159685359
SBCF,29.0,0.6477076918636533,False,False,0.27145815642319704,0.2255958346056802,0.8310519660863734
SBSI,35.05,0.628168547708481,True,False,0.6329322834208813,0.7779891655195822,1.2291823089109872
SCHL,42.86,0.9101640068449534,False,False,0.3328080694449478,0.2609556899293767,0.7841026522121131
SCL,87.51,1.5360736820402756,True,False,0.898567902265797,1.804127238254562,2.0077806404005067
SCSC,40.55,1.0947007102236874,True,False,0.05769726359169958,0.061423198005234415,1.0645773158308127
SCVL,37.82,1.495799187825583,True,True,0.5216856492605884,1.1362033513010588,2.17794634165509
SEDG,39.95,2.0759788005937194,False,False,0.6406467622452634,0.27931733733557423,0.43599274014381295
SEM,18.0,0.5034156789224484,False,False,0.05780389296718879,0.06370829175324293,1.1021453484007668
SENEA,32.85,1.0531429340225023,True,False,0.5961742968668465,0.9809236858094947,1.6453639329381902
SFBS,39.04,0.7467838729256913,False,False,0.2944780229072032,0.25818433967234583,0.8767524894504799
SFLY,69.15,1.9775505531680717,False,False,0.9086485836171022,0.3252919665320825,0.3579953486937455
SFNC,29.7,0.6090434736173402,False,False,0.014352775957406694,0.013937887821476423,0.9710935266347435
SHAK,61.2,1.6999612152809997,False,False,0.2636626761739783,0.19168721910220632,0.7270168909903696
SHOO,54.25,1.4003249659203525,False,False,0.6592450418399911,0.853055316188947,1.293988216897347
SIGI,62.6,1.1298196712087079,True,False,0.7715893249287955,1.2047623066655564,1.5614035442710865
SJI,34.05,0.659531271176822,True,False,0.41728576707110143,0.5421705854953327,1.2992788833915634
SKYW,58.4,1.5454297973902702,True,False,0.40145682282715467,0.5757789317967148,1.4342238045475035
SLCA,18.56,0.8807943638745745,False,False,0.9278336117595286,0.2343252012165306,0.2525508865454444
SMP,49.52,1.023054464469533,True,False,0.5734231638285888,0.7983877465639966,1.3923186172553286
SMTC,55.5,1.7074618255300578,True,False,0.5642263740795301,1.0047830252525636,1.7808154163153938
SNBR,36.42,1.1035737806431776,True,False,0.6618251377258502,1.2658597787220673,1.9126801122601487
SONC,43.47,1.5026398156844312,True,True,0.5115755175971146,1.2467113661321172,2.4370035766917804
SPOK,15.0,0.3958933912679068,True,False,0.024335604879538786,0.02527378652856442,1.0385518113755394
SPPI,16.57,1.2157808980897666,False,False,0.05996839726717306,0.07310046763148731,1.2189831805210307
SPSC,95.2,2.251568205486096,True,False,0.8577022072469831,2.4095065179424093,2.8092576859238165
SPTN,20.2,0.6194479709096381,False,True,0.18777862042618643,0.1194571201081077,0.6361593233403527
SPXC,33.97,0.7692822367148361,False,False,0.2157120625898875,0.18786797354783236,0.8709201112457376
SR,72.05,1.0881620278467932,True,False,0.6905270479483194,0.9566895207387565,1.3854482942865942
SRCI,8.56,0.4053005971868018,False,False,0.8068595403840155,0.29441010768857406,0.3648839642503985
SRDX,73.7,2.3028273966521855,True,False,0.9203213153378289,3.804914937761129,4.134333166416375
SSD,72.97,1.4273228295459053,True,False,0.6591900506543339,1.2797376902930542,1.9413789528873262
SSP,16.19,0.4214459646125869,True,False,0.6894018964650668,1.2911287417360595,1.8728244705394184
SSTK,54.34,1.4760296288480415,True,False,0.7875195872145776,1.4658561777856458,1.8613583732822636
STAR,11.08,0.1937232650313599,True,False,0.07656244976772486,0.08267109644158332,1.0797864578836085
STBA,43.68,0.7553424933118961,False,False,0.18917475602565414,0.20744027593182615,1.0965536855440428
STC,45.32,0.4638723783567708,True,False,0.7921114366541399,0.9730928322967782,1.2284797154389029
STMP,225.55,8.096344251266142,False,False,0.3581053333504979,0.2435931640357516,0.6802276909887104
STRA,135.5,3.135348394121306,True,False,0.9392592517139733,2.1465030743029256,2.2853148056683574
SUP,17.05,0.6899251365989094,False,False,0.10849252854313894,0.1428787228780914,1.3169452753723936
SUPN,49.5,1.9118754172202646,False,False,0.6000129701491376,0.3016480949284286,0.5027359572801431
SVU,32.28,0.24565852519948156,True,True,0.820384299121215,6.608168738690631,8.054967343681755
SWM,40.08,0.8129121846460986,False,False,0.6974446219837356,0.5231966792398197,0.7501623250770736
SXC,11.74,0.3430770091491949,False,False,0.689824644975705,0.3329870280680487,0.48271257122130834
SXI,104.9,2.248061673444604,True,False,0.634428789544943,0.8055210302302078,1.2696791878060645
SYKE,29.97,0.6655298334062351,True,False,0.3171409400129612,0.3637218396468967,1.14687759843315
TBI,25.5,0.7094686558364905,False,False,0.05260241548737843,0.05792397504041324,1.1011656879960519
TBK,39.475,1.090075182395798,False,False,0.12261207639211247,0.13575589779329134,1.1071984243961828
TCMD,69.44,2.717994994293204,True,False,0.7339164664042807,1.9916417099433512,2.7137171614381628
TG,21.85,0.8046514457270332,False,False,0.31172698656405273,0.23310694204926888,0.7477919849630047
TGI,22.45,0.8111533474326048,True,False,0.029320505640406558,0.03290683517491921,1.1223147233030777
THRM,46.4,1.3142511019667669,True,False,0.9090808059127311,2.6178436478776135,2.8796600157554293
TILE,23.15,0.48212296852632053,True,False,0.001865650713769318,0.001884295020462019,1.0099934604881278
TISI,22.15,0.783196870098435,True,False,0.13586930604557568,0.1620717446373588,1.1928503158983812
TIVO,12.6,0.44117866542558726,False,False,0.08539898090391551,0.07135920568535001,0.8355978599514906
TLRD,25.68,1.063965440382174,False,True,0.4447390224112979,0.16097231636039513,0.36194781264668685
TMP,80.75,1.748711600939116,False,False,0.03741830468212903,0.03612535832582691,0.9654461534993157
TMST,14.69,0.5208764888966606,False,False,0.6522975731105021,0.24877861950979102,0.3813882340899754
TNC,75.55,1.676631329039321,False,False,0.28125089629945454,0.24661602055745566,0.8768541675859326
TPRE,13.0,0.32329529569220056,False,False,0.022665840582239527,0.021621347413191057,0.9539177395491384
TREX,79.05,2.433618510075428,True,False,0.8735541660830978,2.9290665313535684,3.353045117381923
TRHC,79.46,3.737783188288951,True,False,0.7978346035369027,3.14903996088268,3.946983431055238
TRST,8.35,0.14627101592449465,False,False,0.03566015202994022,0.03727468570794384,1.0452755691183835
TTEC,26.05,0.9998188935331239,False,False,0.8209288908813707,0.2048588076368076,0.24954513102452255
TTEK,67.775,1.3365753884020133,True,False,0.8962123789841717,2.126847713171352,2.3731514572272103
TTI,4.42,0.1687818529583039,False,False,0.05599386576212817,0.06248970110107993,1.1160097673296432
TTMI,16.12,0.4539091133977882,False,False,0.043538757021770125,0.04004563421304317,0.9197698086102841
TTS,7.35,0.3270284271552573,False,False,0.002962904068196104,0.0030474161665269297,1.0285234001458168
TVPT,16.89,0.3962903781295289,False,False,0.027929070809290968,0.02605188083764191,0.9327872386279107
TVTY,32.5,0.8983010965088747,False,False,0.40252218040468346,0.31764041624002687,0.7891252499941268
TWI,7.54,0.3234440593934085,False,False,0.8339472463934159,0.13244646754556996,0.15881875996157213
TYPE,19.6,0.40172309959008007,False,False,0.2951348299208236,0.2497650576721779,0.8462744222333326
UBA,20.69,0.4527886976561678,False,False,0.0025363399991361613,0.0024969795926731877,0.9844814155529703
UCBI,28.26,0.5484319854644226,False,False,0.7759488202844261,0.5408529591541215,0.6970214336505729
UCTT,12.62,0.5587858868023728,False,False,0.7940247436960908,0.3252508094944396,0.40962301499627796
UEIC,38.9,1.3751573880238066,True,False,0.765089858720356,2.4065767207774993,3.1454824467319398
UFCS,50.82,1.2774849080392416,False,False,0.020304710814987637,0.019213252066863144,0.9462460333432157
UFI,28.49,0.7359809402180812,False,False,0.2611768374226965,0.21609456587070563,0.8273879414542863
UFPI,34.64,0.7306397947917993,False,False,0.04334750610891058,0.04109242728677373,0.9479767344291742
UHT,70.96,1.6742974617391375,True,False,0.8590385853910831,1.6634205559854995,1.936374668465231
UIHC,21.68,0.543142440995106,True,False,0.1200789148814474,0.13068009589490656,1.0882851166995104
UNF,172.35,3.1974028174886744,False,False,0.014800497395202172,0.01520952175298203,1.0276358521513236
UNT,25.39,1.073369184453079,True,False,0.5385628660937749,0.9385777297565266,1.7427449771353172
USCR,47.75,1.887722596188033,False,False,0.6065134838958155,0.3041308043146838,0.5014411260260229
USPH,116.95,3.333296677364987,True,False,0.8979009166846667,2.245578160564001,2.50091977726828
UVE,49.6,1.117400001213443,True,False,0.8396203762971287,2.3837824124342117,2.839119296922146
UVV,65.05,1.5514029201467519,True,False,0.0015948094276745373,0.0015507128206486234,0.972349920773786
VAC,116.72,2.6564894607395297,False,False,0.028498658796430768,0.027141621100226564,0.9523824013650017
VECO,10.3,0.5491249250735348,False,True,0.845644549820169,0.16082074010488082,0.19017534038276512
VG,14.35,0.3794432647299911,True,False,0.8331799363656465,1.6428321484908768,1.9717615328772262
VIAV,11.22,0.21672930810112806,True,False,0.8320338602556763,1.3523746956116125,1.6253842063543427
VICR,44.95,2.3084116803295105,False,False,0.4843391726801489,1.1792928163279373,2.4348491364061653
VIVO,14.9,0.3997954983767732,False,False,4.550369590661241e-05,4.560237738936626e-05,1.002168647640323
VRA,15.58,0.5368507628451085,True,False,0.5435358230192757,1.0700535971542964,1.9686901062201903
VREX,29.5,0.9445545577093896,False,True,0.6165548045846998,0.26227028427739973,0.425380326821166
VRTS,114.05,3.774268794762412,False,False,0.1811072243097841,0.15864726443350022,0.8759852901402426
VRTU,54.04,1.3761598475304333,True,False,0.6590030684953383,1.0271511280301218,1.5586439231236868
VRTV,37.55,1.6171843399918486,False,False,0.6157717387613737,1.5336382979630385,2.4905954616364103
VSI,10.35,0.7849778356064524,True,False,0.828104181123843,13.017596893947987,15.719757478197305
VSTO,17.42,0.4763333598663048,True,False,0.4414808084537861,0.6757330719862298,1.5306057682391079
VVI,58.4,0.9525187998747964,True,False,0.8127965496321796,1.273781786592134,1.567159441275393
WABC,60.09,1.381663444454175,True,False,0.6650303769989433,0.9052943315224267,1.3612826764511317
WAGE,40.5,1.5308979015963051,False,True,0.010488724657996773,0.009638342251304494,0.9189241366876827
WD,53.5,1.0829934572755229,False,False,0.4622995179053385,0.36957572438332287,0.7994291797185002
WDFC,171.95,3.2431193896412154,True,False,0.9268261698438692,2.0187090589943772,2.1780881082959103
WDR,21.43,0.4248099018736811,True,False,0.4799353502803151,0.6545106241731178,1.363747479302866
WETF,8.24,0.26706701606495076,False,False,0.8717376801064476,0.27321969569134047,0.3134196237312786
WGO,35.8,1.4548232935289847,False,False,0.1704062166230712,0.13438986556578944,0.788644148253418
WING,68.29,1.9514253632061525,True,False,0.7544932052808858,1.9945252174120145,2.6435297275732053
WIRE,49.7,1.2226898563992192,True,False,0.21531899946266309,0.24245895956403277,1.126045356745566
WLH,16.74,0.7744049700717798,False,False,0.8443234001672106,0.3149356265611402,0.37300355112599043
WNC,18.25,0.495397794043354,False,False,0.5902594786676113,0.4487010851668642,0.7601759927341007
WPG,7.33,0.20151644311493727,False,False,0.003293577731317887,0.003363905982649803,1.0213531475705524
WRLD,114.51,3.2198656364721523,True,False,0.10631896736396118,0.12286765604098752,1.155651330024447
WSR,13.61,0.22332777883918276,True,False,0.9412461598788079,1.5258138602464146,1.6210571955405098
WTS,82.55,1.314831827345492,True,False,0.3959348488049892,0.4711266590892272,1.189909553329751
WWW,39.3,0.771689662377634,True,False,0.7498148322136735,1.173564961225109,1.565139699571427
XOXO,34.49,1.1102140818757413,True,True,0.4039623920495603,0.26285114567719486,0.6506822190639638
XPER,14.2,0.662514204695135,False,False,0.7143042564016313,0.35460736016877153,0.4964374172360898
ZEUS,20.18,0.7145889129331305,False,False,0.36753095562007954,0.28391655210859645,0.7724969768317526
ZUMZ,27.05,1.1084588275149518,True,False,0.21599606921192038,0.3496976561536705,1.6190000930552646
